push_pidn,1,172.92,NaN,success,1s:0.180,2s:0.180,3s:0.180,4s:0.180,5s:0.180,6s:0.180,7s:0.180,8s:0.180,9s:0.180,10s:0.090,11s:0.029,12s:0.029,13s:0.029,14s:0.029,15s:0.029,16s:0.029,17s:0.029,18s:0.029,19s:0.028,20s:0.028,21s:0.028,22s:0.028,23s:0.028,24s:0.028,25s:0.028,26s:0.028,27s:0.028,28s:0.028,29s:0.028,30s:0.028,31s:0.028,32s:0.028,33s:0.028,34s:0.027,35s:0.027,36s:0.027,37s:0.027,38s:0.027,39s:0.027,40s:0.027,41s:0.027,42s:0.027,43s:0.027,44s:0.027,45s:0.027,46s:0.027,47s:0.027,48s:0.027,49s:0.027,50s:0.027,51s:0.027,52s:0.027,53s:0.027,54s:0.027,55s:0.027,56s:0.027,57s:0.027,58s:0.027,59s:0.027,60s:0.027,61s:0.027,62s:0.027,63s:0.026,64s:0.026,65s:0.026,66s:0.026,67s:0.026,68s:0.026,69s:0.026,70s:0.026,71s:0.026,72s:0.026,73s:0.026,74s:0.026,75s:0.026,76s:0.026,77s:0.026,78s:0.025,79s:0.025,80s:0.025,81s:0.025,82s:0.025,83s:0.025,84s:0.025,85s:0.025,86s:0.025,87s:0.025,88s:0.025,89s:0.025,90s:0.025,91s:0.025,92s:0.025,93s:0.024,94s:0.024,95s:0.024,96s:0.024,97s:0.024,98s:0.024,99s:0.024,100s:0.024,101s:0.024,102s:0.024,103s:0.024,104s:0.024,105s:0.024,106s:0.024,107s:0.024,108s:0.023,109s:0.023,110s:0.023,111s:0.023,112s:0.023,113s:0.023,114s:0.023,115s:0.023,116s:0.023,117s:0.023,118s:0.023,119s:0.023,120s:0.023,121s:0.023,122s:0.022,123s:0.022,124s:0.022,125s:0.022,126s:0.022,127s:0.022,128s:0.022,129s:0.022,130s:0.021,131s:0.021,132s:0.021,133s:0.021,134s:0.021,135s:0.021,136s:0.021,137s:0.020,138s:0.020,139s:0.020,140s:0.020,141s:0.020,142s:0.020,143s:0.020,144s:0.019,145s:0.019,146s:0.019,147s:0.019,148s:0.019,149s:0.019,150s:0.019,151s:0.019,152s:0.019,153s:0.019,154s:0.019,155s:0.019,156s:0.019,157s:0.019,158s:0.019,159s:0.018,160s:0.018,161s:0.018,162s:0.018,163s:0.018,164s:0.018,165s:0.018,166s:0.016,167s:0.016,168s:0.016,169s:0.016,170s:0.016,171s:0.016,172s:0.016
push_pidn,2,173.82,NaN,success,1s:0.180,2s:0.180,3s:0.180,4s:0.180,5s:0.180,6s:0.180,7s:0.180,8s:0.180,9s:0.180,10s:0.180,11s:0.029,12s:0.026,13s:0.026,14s:0.026,15s:0.026,16s:0.026,17s:0.026,18s:0.026,19s:0.026,20s:0.026,21s:0.026,22s:0.026,23s:0.026,24s:0.026,25s:0.026,26s:0.025,27s:0.025,28s:0.025,29s:0.025,30s:0.025,31s:0.025,32s:0.025,33s:0.024,34s:0.024,35s:0.024,36s:0.024,37s:0.024,38s:0.024,39s:0.024,40s:0.024,41s:0.024,42s:0.024,43s:0.024,44s:0.024,45s:0.024,46s:0.024,47s:0.024,48s:0.024,49s:0.024,50s:0.024,51s:0.024,52s:0.024,53s:0.024,54s:0.024,55s:0.023,56s:0.023,57s:0.023,58s:0.023,59s:0.023,60s:0.023,61s:0.023,62s:0.023,63s:0.023,64s:0.023,65s:0.023,66s:0.023,67s:0.023,68s:0.023,69s:0.023,70s:0.023,71s:0.023,72s:0.023,73s:0.023,74s:0.023,75s:0.023,76s:0.023,77s:0.023,78s:0.023,79s:0.023,80s:0.023,81s:0.023,82s:0.023,83s:0.022,84s:0.022,85s:0.022,86s:0.022,87s:0.022,88s:0.022,89s:0.022,90s:0.022,91s:0.022,92s:0.022,93s:0.022,94s:0.022,95s:0.022,96s:0.022,97s:0.022,98s:0.022,99s:0.022,100s:0.022,101s:0.022,102s:0.022,103s:0.022,104s:0.021,105s:0.021,106s:0.021,107s:0.021,108s:0.021,109s:0.021,110s:0.021,111s:0.021,112s:0.021,113s:0.021,114s:0.021,115s:0.021,116s:0.021,117s:0.021,118s:0.020,119s:0.020,120s:0.020,121s:0.020,122s:0.020,123s:0.020,124s:0.020,125s:0.020,126s:0.020,127s:0.020,128s:0.020,129s:0.020,130s:0.020,131s:0.020,132s:0.019,133s:0.019,134s:0.019,135s:0.019,136s:0.019,137s:0.019,138s:0.019,139s:0.019,140s:0.019,141s:0.019,142s:0.019,143s:0.019,144s:0.019,145s:0.019,146s:0.018,147s:0.018,148s:0.018,149s:0.018,150s:0.018,151s:0.018,152s:0.018,153s:0.018,154s:0.018,155s:0.018,156s:0.018,157s:0.018,158s:0.018,159s:0.018,160s:0.017,161s:0.017,162s:0.017,163s:0.017,164s:0.017,165s:0.017,166s:0.017,167s:0.016,168s:0.016,169s:0.016,170s:0.016,171s:0.016,172s:0.016,173s:0.016
push_pidn,3,10.43,NaN,success,1s:0.180,2s:0.180,3s:0.180,4s:0.180,5s:0.180,6s:0.180,7s:0.180,8s:0.180,9s:0.180,10s:0.095
push_pidn,4,162.50,NaN,success,1s:0.180,2s:0.180,3s:0.180,4s:0.180,5s:0.180,6s:0.180,7s:0.180,8s:0.180,9s:0.180,10s:0.180,11s:0.023,12s:0.023,13s:0.023,14s:0.023,15s:0.023,16s:0.023,17s:0.023,18s:0.023,19s:0.023,20s:0.023,21s:0.023,22s:0.023,23s:0.023,24s:0.023,25s:0.023,26s:0.023,27s:0.023,28s:0.023,29s:0.023,30s:0.023,31s:0.023,32s:0.023,33s:0.023,34s:0.023,35s:0.023,36s:0.023,37s:0.023,38s:0.023,39s:0.023,40s:0.023,41s:0.023,42s:0.023,43s:0.023,44s:0.023,45s:0.023,46s:0.023,47s:0.023,48s:0.023,49s:0.023,50s:0.023,51s:0.023,52s:0.023,53s:0.023,54s:0.023,55s:0.022,56s:0.022,57s:0.022,58s:0.022,59s:0.022,60s:0.022,61s:0.022,62s:0.022,63s:0.022,64s:0.022,65s:0.022,66s:0.022,67s:0.022,68s:0.022,69s:0.022,70s:0.022,71s:0.022,72s:0.022,73s:0.022,74s:0.022,75s:0.022,76s:0.022,77s:0.022,78s:0.022,79s:0.022,80s:0.022,81s:0.022,82s:0.022,83s:0.022,84s:0.021,85s:0.021,86s:0.021,87s:0.021,88s:0.021,89s:0.021,90s:0.021,91s:0.021,92s:0.021,93s:0.021,94s:0.021,95s:0.021,96s:0.021,97s:0.021,98s:0.021,99s:0.021,100s:0.021,101s:0.021,102s:0.021,103s:0.021,104s:0.021,105s:0.021,106s:0.020,107s:0.020,108s:0.020,109s:0.020,110s:0.020,111s:0.020,112s:0.020,113s:0.020,114s:0.020,115s:0.020,116s:0.020,117s:0.020,118s:0.020,119s:0.020,120s:0.019,121s:0.019,122s:0.019,123s:0.019,124s:0.019,125s:0.019,126s:0.019,127s:0.019,128s:0.019,129s:0.019,130s:0.019,131s:0.019,132s:0.019,133s:0.019,134s:0.018,135s:0.018,136s:0.018,137s:0.018,138s:0.018,139s:0.018,140s:0.018,141s:0.017,142s:0.018,143s:0.018,144s:0.018,145s:0.018,146s:0.018,147s:0.018,148s:0.018,149s:0.017,150s:0.017,151s:0.017,152s:0.017,153s:0.017,154s:0.017,155s:0.017,156s:0.016,157s:0.016,158s:0.016,159s:0.016,160s:0.016,161s:0.016,162s:0.016
push_pidn,5,19.15,NaN,success,1s:0.180,2s:0.180,3s:0.180,4s:0.180,5s:0.180,6s:0.180,7s:0.180,8s:0.180,9s:0.180,10s:0.180,11s:0.042,12s:0.042,13s:0.042,14s:0.042,15s:0.042,16s:0.042,17s:0.042,18s:0.042,19s:0.034
push_pidn,6,18.84,NaN,success,1s:0.180,2s:0.180,3s:0.180,4s:0.180,5s:0.180,6s:0.180,7s:0.180,8s:0.180,9s:0.180,10s:0.144,11s:0.045,12s:0.045,13s:0.045,14s:0.045,15s:0.045,16s:0.045,17s:0.045,18s:0.045
push_pidn,7,149.78,NaN,success,1s:0.180,2s:0.180,3s:0.180,4s:0.180,5s:0.180,6s:0.180,7s:0.180,8s:0.180,9s:0.180,10s:0.180,11s:0.034,12s:0.034,13s:0.034,14s:0.034,15s:0.034,16s:0.034,17s:0.034,18s:0.034,19s:0.033,20s:0.033,21s:0.033,22s:0.033,23s:0.033,24s:0.033,25s:0.033,26s:0.033,27s:0.033,28s:0.033,29s:0.033,30s:0.033,31s:0.033,32s:0.033,33s:0.033,34s:0.032,35s:0.032,36s:0.032,37s:0.032,38s:0.032,39s:0.032,40s:0.032,41s:0.031,42s:0.031,43s:0.031,44s:0.031,45s:0.031,46s:0.031,47s:0.031,48s:0.030,49s:0.031,50s:0.031,51s:0.031,52s:0.031,53s:0.031,54s:0.031,55s:0.031,56s:0.030,57s:0.030,58s:0.030,59s:0.030,60s:0.030,61s:0.030,62s:0.030,63s:0.029,64s:0.029,65s:0.029,66s:0.029,67s:0.029,68s:0.029,69s:0.029,70s:0.028,71s:0.028,72s:0.028,73s:0.028,74s:0.028,75s:0.028,76s:0.028,77s:0.028,78s:0.028,79s:0.028,80s:0.028,81s:0.028,82s:0.028,83s:0.028,84s:0.028,85s:0.027,86s:0.027,87s:0.027,88s:0.027,89s:0.027,90s:0.027,91s:0.027,92s:0.026,93s:0.026,94s:0.026,95s:0.026,96s:0.026,97s:0.026,98s:0.026,99s:0.025,100s:0.025,101s:0.025,102s:0.025,103s:0.025,104s:0.025,105s:0.025,106s:0.025,107s:0.023,108s:0.023,109s:0.023,110s:0.023,111s:0.023,112s:0.023,113s:0.023,114s:0.022,115s:0.022,116s:0.022,117s:0.022,118s:0.022,119s:0.022,120s:0.022,121s:0.021,122s:0.021,123s:0.021,124s:0.021,125s:0.021,126s:0.021,127s:0.021,128s:0.020,129s:0.020,130s:0.020,131s:0.020,132s:0.020,133s:0.020,134s:0.020,135s:0.020,136s:0.018,137s:0.018,138s:0.018,139s:0.018,140s:0.018,141s:0.018,142s:0.018,143s:0.016,144s:0.016,145s:0.016,146s:0.016,147s:0.016,148s:0.016,149s:0.016
push_pidn,8,10.78,NaN,success,1s:0.180,2s:0.180,3s:0.180,4s:0.180,5s:0.180,6s:0.180,7s:0.180,8s:0.180,9s:0.180,10s:0.149
push_pidn,9,10.42,NaN,success,1s:0.180,2s:0.180,3s:0.180,4s:0.180,5s:0.180,6s:0.180,7s:0.180,8s:0.180,9s:0.180,10s:0.089
push_pidn,10,18.47,NaN,success,1s:0.180,2s:0.180,3s:0.180,4s:0.180,5s:0.180,6s:0.180,7s:0.180,8s:0.180,9s:0.180,10s:0.128,11s:0.053,12s:0.053,13s:0.053,14s:0.053,15s:0.053,16s:0.053,17s:0.053,18s:0.053
push_pidn,11,19.06,NaN,success,1s:0.180,2s:0.180,3s:0.180,4s:0.180,5s:0.180,6s:0.180,7s:0.180,8s:0.180,9s:0.180,10s:0.180,11s:0.054,12s:0.054,13s:0.054,14s:0.054,15s:0.054,16s:0.054,17s:0.054,18s:0.054,19s:0.016
push_pidn,12,68.18,NaN,success,1s:0.180,2s:0.180,3s:0.180,4s:0.180,5s:0.180,6s:0.180,7s:0.180,8s:0.180,9s:0.180,10s:0.137,11s:0.036,12s:0.036,13s:0.036,14s:0.036,15s:0.036,16s:0.036,17s:0.036,18s:0.036,19s:0.034,20s:0.034,21s:0.034,22s:0.034,23s:0.034,24s:0.034,25s:0.034,26s:0.033,27s:0.033,28s:0.033,29s:0.033,30s:0.033,31s:0.033,32s:0.033,33s:0.031,34s:0.031,35s:0.031,36s:0.031,37s:0.031,38s:0.031,39s:0.031,40s:0.029,41s:0.029,42s:0.029,43s:0.029,44s:0.029,45s:0.029,46s:0.029,47s:0.027,48s:0.027,49s:0.027,50s:0.027,51s:0.027,52s:0.027,53s:0.027,54s:0.024,55s:0.025,56s:0.025,57s:0.025,58s:0.025,59s:0.025,60s:0.025,61s:0.025,62s:0.022,63s:0.022,64s:0.022,65s:0.022,66s:0.022,67s:0.022,68s:0.022
push_pidn,13,62.58,NaN,success,1s:0.180,2s:0.180,3s:0.180,4s:0.180,5s:0.180,6s:0.180,7s:0.180,8s:0.180,9s:0.180,10s:0.180,11s:0.026,12s:0.026,13s:0.026,14s:0.026,15s:0.026,16s:0.026,17s:0.026,18s:0.026,19s:0.024,20s:0.024,21s:0.024,22s:0.024,23s:0.024,24s:0.024,25s:0.024,26s:0.023,27s:0.023,28s:0.023,29s:0.023,30s:0.023,31s:0.023,32s:0.023,33s:0.023,34s:0.021,35s:0.021,36s:0.021,37s:0.021,38s:0.021,39s:0.021,40s:0.021,41s:0.020,42s:0.020,43s:0.020,44s:0.020,45s:0.020,46s:0.020,47s:0.020,48s:0.019,49s:0.019,50s:0.019,51s:0.019,52s:0.019,53s:0.019,54s:0.019,55s:0.019,56s:0.017,57s:0.017,58s:0.017,59s:0.017,60s:0.017,61s:0.017,62s:0.017
push_pidn,14,48.08,NaN,success,1s:0.180,2s:0.180,3s:0.180,4s:0.180,5s:0.180,6s:0.180,7s:0.180,8s:0.180,9s:0.180,10s:0.180,11s:0.038,12s:0.038,13s:0.038,14s:0.038,15s:0.038,16s:0.038,17s:0.038,18s:0.038,19s:0.034,20s:0.035,21s:0.035,22s:0.035,23s:0.035,24s:0.035,25s:0.035,26s:0.035,27s:0.033,28s:0.033,29s:0.033,30s:0.033,31s:0.033,32s:0.033,33s:0.033,34s:0.030,35s:0.030,36s:0.030,37s:0.030,38s:0.030,39s:0.030,40s:0.030,41s:0.028,42s:0.028,43s:0.028,44s:0.028,45s:0.028,46s:0.028,47s:0.028,48s:0.022
push_pidn,15,10.50,NaN,success,1s:0.180,2s:0.180,3s:0.180,4s:0.180,5s:0.180,6s:0.180,7s:0.180,8s:0.180,9s:0.180,10s:0.114
push_pidn,16,10.78,NaN,success,1s:0.180,2s:0.180,3s:0.180,4s:0.180,5s:0.180,6s:0.180,7s:0.180,8s:0.180,9s:0.180,10s:0.156
push_pidn,17,89.30,NaN,success,1s:0.180,2s:0.180,3s:0.180,4s:0.180,5s:0.180,6s:0.180,7s:0.180,8s:0.180,9s:0.180,10s:0.112,11s:0.035,12s:0.035,13s:0.035,14s:0.035,15s:0.035,16s:0.035,17s:0.035,18s:0.035,19s:0.033,20s:0.033,21s:0.033,22s:0.033,23s:0.033,24s:0.033,25s:0.033,26s:0.031,27s:0.031,28s:0.031,29s:0.031,30s:0.031,31s:0.031,32s:0.031,33s:0.030,34s:0.030,35s:0.030,36s:0.030,37s:0.030,38s:0.030,39s:0.030,40s:0.029,41s:0.029,42s:0.029,43s:0.029,44s:0.029,45s:0.029,46s:0.029,47s:0.027,48s:0.027,49s:0.027,50s:0.027,51s:0.027,52s:0.027,53s:0.027,54s:0.025,55s:0.025,56s:0.025,57s:0.025,58s:0.025,59s:0.025,60s:0.025,61s:0.025,62s:0.024,63s:0.024,64s:0.024,65s:0.024,66s:0.024,67s:0.024,68s:0.024,69s:0.022,70s:0.022,71s:0.022,72s:0.022,73s:0.022,74s:0.022,75s:0.022,76s:0.020,77s:0.020,78s:0.020,79s:0.020,80s:0.020,81s:0.020,82s:0.020,83s:0.018,84s:0.018,85s:0.018,86s:0.018,87s:0.018,88s:0.018,89s:0.018
push_pidn,18,18.50,NaN,success,1s:0.180,2s:0.180,3s:0.180,4s:0.180,5s:0.180,6s:0.180,7s:0.180,8s:0.180,9s:0.180,10s:0.066,11s:0.052,12s:0.052,13s:0.052,14s:0.052,15s:0.052,16s:0.052,17s:0.052,18s:0.052
push_pidn,19,18.59,NaN,success,1s:0.180,2s:0.180,3s:0.180,4s:0.180,5s:0.180,6s:0.180,7s:0.180,8s:0.180,9s:0.180,10s:0.150,11s:0.049,12s:0.049,13s:0.049,14s:0.049,15s:0.049,16s:0.049,17s:0.049,18s:0.049
push_pidn,20,18.56,NaN,success,1s:0.180,2s:0.180,3s:0.180,4s:0.180,5s:0.180,6s:0.180,7s:0.180,8s:0.180,9s:0.180,10s:0.161,11s:0.028,12s:0.028,13s:0.028,14s:0.028,15s:0.028,16s:0.028,17s:0.028,18s:0.028
push_pidn,21,180.12,NaN,timeout,1s:0.180,2s:0.180,3s:0.180,4s:0.180,5s:0.180,6s:0.180,7s:0.180,8s:0.180,9s:0.180,10s:0.180,11s:0.038,12s:0.038,13s:0.038,14s:0.038,15s:0.038,16s:0.038,17s:0.038,18s:0.038,19s:0.038,20s:0.038,21s:0.038,22s:0.038,23s:0.038,24s:0.038,25s:0.038,26s:0.038,27s:0.037,28s:0.037,29s:0.037,30s:0.037,31s:0.037,32s:0.037,33s:0.037,34s:0.037,35s:0.037,36s:0.037,37s:0.037,38s:0.037,39s:0.037,40s:0.037,41s:0.037,42s:0.037,43s:0.037,44s:0.037,45s:0.037,46s:0.037,47s:0.037,48s:0.037,49s:0.037,50s:0.037,51s:0.037,52s:0.037,53s:0.037,54s:0.037,55s:0.037,56s:0.037,57s:0.037,58s:0.037,59s:0.037,60s:0.037,61s:0.037,62s:0.037,63s:0.037,64s:0.037,65s:0.037,66s:0.037,67s:0.037,68s:0.037,69s:0.037,70s:0.037,71s:0.037,72s:0.037,73s:0.037,74s:0.037,75s:0.037,76s:0.037,77s:0.037,78s:0.037,79s:0.037,80s:0.037,81s:0.037,82s:0.037,83s:0.037,84s:0.036,85s:0.036,86s:0.036,87s:0.036,88s:0.036,89s:0.036,90s:0.036,91s:0.036,92s:0.036,93s:0.036,94s:0.036,95s:0.036,96s:0.036,97s:0.036,98s:0.036,99s:0.036,100s:0.036,101s:0.036,102s:0.036,103s:0.036,104s:0.036,105s:0.036,106s:0.036,107s:0.036,108s:0.036,109s:0.036,110s:0.036,111s:0.036,112s:0.036,113s:0.036,114s:0.036,115s:0.036,116s:0.036,117s:0.036,118s:0.036,119s:0.036,120s:0.036,121s:0.036,122s:0.036,123s:0.036,124s:0.036,125s:0.036,126s:0.036,127s:0.036,128s:0.036,129s:0.036,130s:0.036,131s:0.036,132s:0.036,133s:0.036,134s:0.036,135s:0.035,136s:0.035,137s:0.035,138s:0.035,139s:0.035,140s:0.035,141s:0.035,142s:0.035,143s:0.035,144s:0.035,145s:0.035,146s:0.035,147s:0.035,148s:0.035,149s:0.035,150s:0.035,151s:0.035,152s:0.035,153s:0.035,154s:0.035,155s:0.035,156s:0.035,157s:0.035,158s:0.035,159s:0.035,160s:0.035,161s:0.035,162s:0.035,163s:0.034,164s:0.034,165s:0.034,166s:0.034,167s:0.034,168s:0.034,169s:0.034,170s:0.034,171s:0.034,172s:0.034,173s:0.034,174s:0.034,175s:0.034,176s:0.034,177s:0.034,178s:0.034,179s:0.034
push_pidn,22,18.59,NaN,success,1s:0.180,2s:0.180,3s:0.180,4s:0.180,5s:0.180,6s:0.180,7s:0.180,8s:0.180,9s:0.180,10s:0.128,11s:0.060,12s:0.060,13s:0.060,14s:0.060,15s:0.060,16s:0.060,17s:0.060,18s:0.060
push_pidn,23,18.23,NaN,success,1s:0.180,2s:0.180,3s:0.180,4s:0.180,5s:0.180,6s:0.180,7s:0.180,8s:0.180,9s:0.180,10s:0.180,11s:0.180,12s:0.180,13s:0.180,14s:0.180,15s:0.180,16s:0.180,17s:0.180,18s:0.039
push_pidn,24,10.43,NaN,success,1s:0.180,2s:0.180,3s:0.180,4s:0.180,5s:0.180,6s:0.180,7s:0.180,8s:0.180,9s:0.180,10s:0.085
push_pidn,25,10.96,NaN,success,1s:0.180,2s:0.180,3s:0.180,4s:0.180,5s:0.180,6s:0.180,7s:0.180,8s:0.180,9s:0.180,10s:0.180
push_pidn,26,133.12,NaN,success,1s:0.180,2s:0.180,3s:0.180,4s:0.180,5s:0.180,6s:0.180,7s:0.180,8s:0.180,9s:0.180,10s:0.087,11s:0.028,12s:0.028,13s:0.028,14s:0.028,15s:0.028,16s:0.028,17s:0.028,18s:0.028,19s:0.027,20s:0.027,21s:0.027,22s:0.027,23s:0.027,24s:0.027,25s:0.027,26s:0.027,27s:0.027,28s:0.027,29s:0.027,30s:0.027,31s:0.027,32s:0.027,33s:0.027,34s:0.027,35s:0.027,36s:0.027,37s:0.027,38s:0.027,39s:0.027,40s:0.026,41s:0.026,42s:0.026,43s:0.026,44s:0.026,45s:0.026,46s:0.026,47s:0.026,48s:0.026,49s:0.026,50s:0.026,51s:0.026,52s:0.026,53s:0.026,54s:0.026,55s:0.025,56s:0.025,57s:0.025,58s:0.025,59s:0.025,60s:0.025,61s:0.025,62s:0.025,63s:0.025,64s:0.025,65s:0.025,66s:0.025,67s:0.025,68s:0.025,69s:0.024,70s:0.024,71s:0.024,72s:0.024,73s:0.024,74s:0.024,75s:0.024,76s:0.023,77s:0.023,78s:0.023,79s:0.023,80s:0.023,81s:0.023,82s:0.023,83s:0.023,84s:0.022,85s:0.022,86s:0.022,87s:0.022,88s:0.022,89s:0.022,90s:0.022,91s:0.022,92s:0.022,93s:0.022,94s:0.022,95s:0.022,96s:0.022,97s:0.022,98s:0.021,99s:0.021,100s:0.021,101s:0.021,102s:0.021,103s:0.021,104s:0.021,105s:0.020,106s:0.020,107s:0.020,108s:0.020,109s:0.020,110s:0.020,111s:0.020,112s:0.019,113s:0.019,114s:0.019,115s:0.019,116s:0.019,117s:0.019,118s:0.019,119s:0.018,120s:0.018,121s:0.018,122s:0.018,123s:0.018,124s:0.018,125s:0.018,126s:0.017,127s:0.017,128s:0.017,129s:0.017,130s:0.017,131s:0.017,132s:0.017,133s:0.017
push_pidn,27,19.46,NaN,success,1s:0.180,2s:0.180,3s:0.180,4s:0.180,5s:0.180,6s:0.180,7s:0.180,8s:0.180,9s:0.180,10s:0.180,11s:0.072,12s:0.048,13s:0.048,14s:0.048,15s:0.048,16s:0.048,17s:0.048,18s:0.048,19s:0.048
push_pidn,28,11.63,NaN,success,1s:0.180,2s:0.180,3s:0.180,4s:0.180,5s:0.180,6s:0.180,7s:0.180,8s:0.180,9s:0.180,10s:0.180,11s:0.140
push_pidn,29,165.32,NaN,success,1s:0.180,2s:0.180,3s:0.180,4s:0.180,5s:0.180,6s:0.180,7s:0.180,8s:0.180,9s:0.180,10s:0.180,11s:0.030,12s:0.028,13s:0.028,14s:0.028,15s:0.028,16s:0.028,17s:0.028,18s:0.028,19s:0.028,20s:0.027,21s:0.027,22s:0.027,23s:0.027,24s:0.027,25s:0.027,26s:0.027,27s:0.027,28s:0.027,29s:0.027,30s:0.027,31s:0.027,32s:0.027,33s:0.027,34s:0.027,35s:0.027,36s:0.027,37s:0.027,38s:0.027,39s:0.027,40s:0.027,41s:0.027,42s:0.026,43s:0.026,44s:0.026,45s:0.026,46s:0.026,47s:0.026,48s:0.026,49s:0.026,50s:0.026,51s:0.026,52s:0.026,53s:0.026,54s:0.026,55s:0.026,56s:0.026,57s:0.026,58s:0.026,59s:0.026,60s:0.026,61s:0.026,62s:0.026,63s:0.026,64s:0.025,65s:0.025,66s:0.025,67s:0.025,68s:0.025,69s:0.025,70s:0.025,71s:0.025,72s:0.025,73s:0.025,74s:0.025,75s:0.025,76s:0.025,77s:0.025,78s:0.024,79s:0.024,80s:0.024,81s:0.024,82s:0.024,83s:0.024,84s:0.024,85s:0.024,86s:0.024,87s:0.024,88s:0.024,89s:0.024,90s:0.024,91s:0.024,92s:0.024,93s:0.023,94s:0.023,95s:0.023,96s:0.023,97s:0.023,98s:0.023,99s:0.023,100s:0.023,101s:0.023,102s:0.023,103s:0.023,104s:0.023,105s:0.023,106s:0.023,107s:0.023,108s:0.022,109s:0.022,110s:0.022,111s:0.022,112s:0.022,113s:0.022,114s:0.022,115s:0.021,116s:0.021,117s:0.021,118s:0.021,119s:0.021,120s:0.021,121s:0.021,122s:0.021,123s:0.021,124s:0.021,125s:0.021,126s:0.021,127s:0.021,128s:0.021,129s:0.021,130s:0.020,131s:0.020,132s:0.020,133s:0.020,134s:0.020,135s:0.020,136s:0.020,137s:0.019,138s:0.019,139s:0.019,140s:0.019,141s:0.019,142s:0.019,143s:0.019,144s:0.018,145s:0.018,146s:0.018,147s:0.018,148s:0.018,149s:0.018,150s:0.018,151s:0.017,152s:0.017,153s:0.017,154s:0.017,155s:0.017,156s:0.017,157s:0.017,158s:0.016,159s:0.016,160s:0.016,161s:0.016,162s:0.016,163s:0.016,164s:0.016,165s:0.016
push_pidn,30,11.38,NaN,success,1s:0.180,2s:0.180,3s:0.180,4s:0.180,5s:0.180,6s:0.180,7s:0.180,8s:0.180,9s:0.180,10s:0.180,11s:0.074
push_pidn,31,17.82,NaN,success,1s:0.180,2s:0.180,3s:0.180,4s:0.180,5s:0.180,6s:0.180,7s:0.180,8s:0.180,9s:0.180,10s:0.180,11s:0.180,12s:0.180,13s:0.180,14s:0.180,15s:0.180,16s:0.180,17s:0.180
push_pidn,32,18.84,NaN,success,1s:0.180,2s:0.180,3s:0.180,4s:0.180,5s:0.180,6s:0.180,7s:0.180,8s:0.180,9s:0.180,10s:0.170,11s:0.065,12s:0.065,13s:0.065,14s:0.065,15s:0.065,16s:0.065,17s:0.065,18s:0.065
push_pidn,33,18.79,NaN,success,1s:0.180,2s:0.180,3s:0.180,4s:0.180,5s:0.180,6s:0.180,7s:0.180,8s:0.180,9s:0.180,10s:0.172,11s:0.042,12s:0.042,13s:0.042,14s:0.042,15s:0.042,16s:0.042,17s:0.042,18s:0.042
push_pidn,34,85.39,NaN,success,1s:0.180,2s:0.180,3s:0.180,4s:0.180,5s:0.180,6s:0.180,7s:0.180,8s:0.180,9s:0.180,10s:0.085,11s:0.029,12s:0.029,13s:0.029,14s:0.029,15s:0.029,16s:0.029,17s:0.029,18s:0.029,19s:0.026,20s:0.026,21s:0.026,22s:0.026,23s:0.026,24s:0.026,25s:0.026,26s:0.025,27s:0.025,28s:0.025,29s:0.025,30s:0.025,31s:0.025,32s:0.025,33s:0.025,34s:0.024,35s:0.024,36s:0.024,37s:0.024,38s:0.024,39s:0.024,40s:0.024,41s:0.023,42s:0.023,43s:0.023,44s:0.023,45s:0.023,46s:0.023,47s:0.023,48s:0.023,49s:0.022,50s:0.022,51s:0.022,52s:0.022,53s:0.022,54s:0.022,55s:0.022,56s:0.020,57s:0.020,58s:0.020,59s:0.020,60s:0.020,61s:0.020,62s:0.020,63s:0.019,64s:0.019,65s:0.019,66s:0.019,67s:0.019,68s:0.019,69s:0.019,70s:0.019,71s:0.018,72s:0.018,73s:0.018,74s:0.018,75s:0.018,76s:0.018,77s:0.018,78s:0.016,79s:0.016,80s:0.016,81s:0.016,82s:0.016,83s:0.016,84s:0.016,85s:0.016
push_pidn,35,90.86,NaN,success,1s:0.180,2s:0.180,3s:0.180,4s:0.180,5s:0.180,6s:0.180,7s:0.180,8s:0.180,9s:0.180,10s:0.180,11s:0.038,12s:0.026,13s:0.026,14s:0.026,15s:0.026,16s:0.026,17s:0.026,18s:0.026,19s:0.025,20s:0.025,21s:0.025,22s:0.025,23s:0.025,24s:0.025,25s:0.025,26s:0.025,27s:0.024,28s:0.024,29s:0.024,30s:0.024,31s:0.024,32s:0.024,33s:0.024,34s:0.023,35s:0.023,36s:0.023,37s:0.023,38s:0.023,39s:0.023,40s:0.023,41s:0.022,42s:0.022,43s:0.022,44s:0.022,45s:0.022,46s:0.022,47s:0.022,48s:0.021,49s:0.021,50s:0.021,51s:0.021,52s:0.021,53s:0.021,54s:0.021,55s:0.021,56s:0.021,57s:0.021,58s:0.021,59s:0.021,60s:0.021,61s:0.021,62s:0.021,63s:0.020,64s:0.020,65s:0.020,66s:0.020,67s:0.020,68s:0.020,69s:0.020,70s:0.019,71s:0.019,72s:0.019,73s:0.019,74s:0.019,75s:0.019,76s:0.019,77s:0.018,78s:0.018,79s:0.018,80s:0.018,81s:0.018,82s:0.018,83s:0.018,84s:0.016,85s:0.016,86s:0.016,87s:0.016,88s:0.016,89s:0.016,90s:0.016
push_pidn,36,10.47,NaN,success,1s:0.180,2s:0.180,3s:0.180,4s:0.180,5s:0.180,6s:0.180,7s:0.180,8s:0.180,9s:0.180,10s:0.092
push_pidn,37,10.32,NaN,success,1s:0.180,2s:0.180,3s:0.180,4s:0.180,5s:0.180,6s:0.180,7s:0.180,8s:0.180,9s:0.180,10s:0.080
push_pidn,38,18.46,NaN,success,1s:0.180,2s:0.180,3s:0.180,4s:0.180,5s:0.180,6s:0.180,7s:0.180,8s:0.180,9s:0.180,10s:0.172,11s:0.066,12s:0.066,13s:0.066,14s:0.066,15s:0.066,16s:0.066,17s:0.066,18s:0.066
push_pidn,39,18.62,NaN,success,1s:0.180,2s:0.180,3s:0.180,4s:0.180,5s:0.180,6s:0.180,7s:0.180,8s:0.180,9s:0.180,10s:0.165,11s:0.062,12s:0.062,13s:0.062,14s:0.062,15s:0.062,16s:0.062,17s:0.062,18s:0.062
push_pidn,40,19.05,NaN,success,1s:0.180,2s:0.180,3s:0.180,4s:0.180,5s:0.180,6s:0.180,7s:0.180,8s:0.180,9s:0.180,10s:0.180,11s:0.066,12s:0.066,13s:0.066,14s:0.066,15s:0.066,16s:0.066,17s:0.066,18s:0.066,19s:0.015
push_pidn,41,11.09,NaN,success,1s:0.180,2s:0.180,3s:0.180,4s:0.180,5s:0.180,6s:0.180,7s:0.180,8s:0.180,9s:0.180,10s:0.180,11s:0.020
push_pidn,42,54.30,NaN,success,1s:0.180,2s:0.180,3s:0.180,4s:0.180,5s:0.180,6s:0.180,7s:0.180,8s:0.180,9s:0.180,10s:0.180,11s:0.024,12s:0.024,13s:0.024,14s:0.024,15s:0.024,16s:0.024,17s:0.024,18s:0.024,19s:0.022,20s:0.022,21s:0.022,22s:0.022,23s:0.022,24s:0.022,25s:0.022,26s:0.021,27s:0.021,28s:0.021,29s:0.021,30s:0.021,31s:0.021,32s:0.021,33s:0.020,34s:0.020,35s:0.020,36s:0.020,37s:0.020,38s:0.020,39s:0.020,40s:0.018,41s:0.018,42s:0.018,43s:0.018,44s:0.018,45s:0.018,46s:0.018,47s:0.018,48s:0.017,49s:0.017,50s:0.017,51s:0.017,52s:0.017,53s:0.017,54s:0.017
push_pidn,43,11.24,NaN,success,1s:0.180,2s:0.180,3s:0.180,4s:0.180,5s:0.180,6s:0.180,7s:0.180,8s:0.180,9s:0.180,10s:0.180,11s:0.048
push_pidn,44,10.93,NaN,success,1s:0.180,2s:0.180,3s:0.180,4s:0.180,5s:0.180,6s:0.180,7s:0.180,8s:0.180,9s:0.180,10s:0.180
push_pidn,45,18.77,NaN,success,1s:0.180,2s:0.180,3s:0.180,4s:0.180,5s:0.180,6s:0.180,7s:0.180,8s:0.180,9s:0.180,10s:0.167,11s:0.015,12s:0.015,13s:0.015,14s:0.015,15s:0.015,16s:0.015,17s:0.015,18s:0.015
push_pidn,46,18.83,NaN,success,1s:0.180,2s:0.180,3s:0.180,4s:0.180,5s:0.180,6s:0.180,7s:0.180,8s:0.180,9s:0.180,10s:0.139,11s:0.058,12s:0.058,13s:0.058,14s:0.058,15s:0.058,16s:0.058,17s:0.058,18s:0.058
push_pidn,47,10.86,NaN,success,1s:0.180,2s:0.180,3s:0.180,4s:0.180,5s:0.180,6s:0.180,7s:0.180,8s:0.180,9s:0.180,10s:0.179
push_pidn,48,10.79,NaN,success,1s:0.180,2s:0.180,3s:0.180,4s:0.180,5s:0.180,6s:0.180,7s:0.180,8s:0.180,9s:0.180,10s:0.170
push_pidn,49,18.31,NaN,success,1s:0.180,2s:0.180,3s:0.180,4s:0.180,5s:0.180,6s:0.180,7s:0.180,8s:0.180,9s:0.180,10s:0.054,11s:0.054,12s:0.054,13s:0.054,14s:0.054,15s:0.054,16s:0.054,17s:0.054,18s:0.054
push_pidn,50,100.47,NaN,success,1s:0.180,2s:0.180,3s:0.180,4s:0.180,5s:0.180,6s:0.180,7s:0.180,8s:0.180,9s:0.180,10s:0.167,11s:0.024,12s:0.024,13s:0.024,14s:0.024,15s:0.024,16s:0.024,17s:0.024,18s:0.024,19s:0.023,20s:0.023,21s:0.023,22s:0.023,23s:0.023,24s:0.023,25s:0.023,26s:0.023,27s:0.023,28s:0.023,29s:0.023,30s:0.023,31s:0.023,32s:0.023,33s:0.023,34s:0.022,35s:0.022,36s:0.022,37s:0.022,38s:0.022,39s:0.022,40s:0.022,41s:0.022,42s:0.021,43s:0.021,44s:0.021,45s:0.021,46s:0.021,47s:0.021,48s:0.021,49s:0.021,50s:0.021,51s:0.021,52s:0.021,53s:0.021,54s:0.021,55s:0.021,56s:0.021,57s:0.020,58s:0.020,59s:0.020,60s:0.020,61s:0.020,62s:0.020,63s:0.020,64s:0.020,65s:0.020,66s:0.020,67s:0.020,68s:0.020,69s:0.020,70s:0.020,71s:0.019,72s:0.019,73s:0.019,74s:0.019,75s:0.019,76s:0.019,77s:0.019,78s:0.019,79s:0.018,80s:0.018,81s:0.018,82s:0.018,83s:0.018,84s:0.018,85s:0.018,86s:0.017,87s:0.017,88s:0.017,89s:0.017,90s:0.017,91s:0.017,92s:0.017,93s:0.017,94s:0.017,95s:0.017,96s:0.017,97s:0.017,98s:0.017,99s:0.017,100s:0.017
push_pidn,51,160.69,NaN,success,1s:0.180,2s:0.180,3s:0.180,4s:0.180,5s:0.180,6s:0.180,7s:0.180,8s:0.180,9s:0.180,10s:0.163,11s:0.028,12s:0.028,13s:0.028,14s:0.028,15s:0.028,16s:0.028,17s:0.028,18s:0.028,19s:0.027,20s:0.027,21s:0.027,22s:0.027,23s:0.027,24s:0.027,25s:0.027,26s:0.026,27s:0.026,28s:0.026,29s:0.026,30s:0.026,31s:0.026,32s:0.026,33s:0.025,34s:0.025,35s:0.025,36s:0.025,37s:0.025,38s:0.025,39s:0.025,40s:0.025,41s:0.025,42s:0.025,43s:0.025,44s:0.025,45s:0.025,46s:0.025,47s:0.025,48s:0.025,49s:0.025,50s:0.025,51s:0.025,52s:0.025,53s:0.025,54s:0.024,55s:0.025,56s:0.025,57s:0.025,58s:0.025,59s:0.025,60s:0.025,61s:0.025,62s:0.024,63s:0.024,64s:0.024,65s:0.024,66s:0.024,67s:0.024,68s:0.024,69s:0.024,70s:0.024,71s:0.024,72s:0.024,73s:0.024,74s:0.024,75s:0.024,76s:0.023,77s:0.023,78s:0.023,79s:0.023,80s:0.023,81s:0.023,82s:0.023,83s:0.023,84s:0.023,85s:0.023,86s:0.023,87s:0.023,88s:0.023,89s:0.023,90s:0.023,91s:0.023,92s:0.023,93s:0.023,94s:0.023,95s:0.023,96s:0.023,97s:0.022,98s:0.022,99s:0.022,100s:0.022,101s:0.022,102s:0.022,103s:0.022,104s:0.021,105s:0.021,106s:0.021,107s:0.021,108s:0.021,109s:0.021,110s:0.021,111s:0.020,112s:0.021,113s:0.021,114s:0.021,115s:0.021,116s:0.021,117s:0.021,118s:0.021,119s:0.020,120s:0.020,121s:0.020,122s:0.020,123s:0.020,124s:0.020,125s:0.020,126s:0.020,127s:0.020,128s:0.020,129s:0.020,130s:0.020,131s:0.020,132s:0.020,133s:0.019,134s:0.019,135s:0.019,136s:0.019,137s:0.019,138s:0.019,139s:0.019,140s:0.018,141s:0.018,142s:0.018,143s:0.018,144s:0.018,145s:0.018,146s:0.018,147s:0.017,148s:0.017,149s:0.017,150s:0.017,151s:0.017,152s:0.017,153s:0.017,154s:0.016,155s:0.016,156s:0.016,157s:0.016,158s:0.016,159s:0.016,160s:0.016
push_pidn,52,18.99,NaN,success,1s:0.180,2s:0.180,3s:0.180,4s:0.180,5s:0.180,6s:0.180,7s:0.180,8s:0.180,9s:0.180,10s:0.180,11s:0.034,12s:0.034,13s:0.034,14s:0.034,15s:0.034,16s:0.034,17s:0.034,18s:0.034
push_pidn,53,10.30,NaN,success,1s:0.180,2s:0.180,3s:0.180,4s:0.180,5s:0.180,6s:0.180,7s:0.180,8s:0.180,9s:0.180,10s:0.055
push_pidn,54,91.68,NaN,success,1s:0.180,2s:0.180,3s:0.180,4s:0.180,5s:0.180,6s:0.180,7s:0.180,8s:0.180,9s:0.180,10s:0.180,11s:0.034,12s:0.034,13s:0.034,14s:0.034,15s:0.034,16s:0.034,17s:0.034,18s:0.034,19s:0.032,20s:0.033,21s:0.033,22s:0.033,23s:0.033,24s:0.033,25s:0.033,26s:0.033,27s:0.031,28s:0.031,29s:0.031,30s:0.031,31s:0.031,32s:0.031,33s:0.031,34s:0.030,35s:0.030,36s:0.030,37s:0.030,38s:0.030,39s:0.030,40s:0.030,41s:0.028,42s:0.028,43s:0.028,44s:0.028,45s:0.028,46s:0.028,47s:0.028,48s:0.028,49s:0.027,50s:0.027,51s:0.027,52s:0.027,53s:0.027,54s:0.027,55s:0.027,56s:0.025,57s:0.025,58s:0.025,59s:0.025,60s:0.025,61s:0.025,62s:0.025,63s:0.023,64s:0.023,65s:0.023,66s:0.023,67s:0.023,68s:0.023,69s:0.023,70s:0.021,71s:0.021,72s:0.021,73s:0.021,74s:0.021,75s:0.021,76s:0.021,77s:0.021,78s:0.019,79s:0.019,80s:0.019,81s:0.019,82s:0.019,83s:0.019,84s:0.019,85s:0.016,86s:0.016,87s:0.016,88s:0.016,89s:0.016,90s:0.016,91s:0.016
push_pidn,55,161.80,NaN,success,1s:0.180,2s:0.180,3s:0.180,4s:0.180,5s:0.180,6s:0.180,7s:0.180,8s:0.180,9s:0.180,10s:0.090,11s:0.027,12s:0.027,13s:0.027,14s:0.027,15s:0.027,16s:0.027,17s:0.027,18s:0.027,19s:0.026,20s:0.026,21s:0.026,22s:0.026,23s:0.026,24s:0.026,25s:0.026,26s:0.026,27s:0.026,28s:0.026,29s:0.026,30s:0.026,31s:0.026,32s:0.026,33s:0.026,34s:0.026,35s:0.026,36s:0.026,37s:0.026,38s:0.026,39s:0.026,40s:0.026,41s:0.026,42s:0.026,43s:0.026,44s:0.026,45s:0.026,46s:0.026,47s:0.026,48s:0.026,49s:0.026,50s:0.026,51s:0.026,52s:0.026,53s:0.026,54s:0.026,55s:0.025,56s:0.025,57s:0.025,58s:0.025,59s:0.025,60s:0.025,61s:0.025,62s:0.025,63s:0.025,64s:0.025,65s:0.025,66s:0.025,67s:0.025,68s:0.025,69s:0.025,70s:0.025,71s:0.025,72s:0.025,73s:0.025,74s:0.025,75s:0.025,76s:0.023,77s:0.024,78s:0.024,79s:0.024,80s:0.024,81s:0.024,82s:0.024,83s:0.024,84s:0.024,85s:0.024,86s:0.024,87s:0.024,88s:0.024,89s:0.024,90s:0.024,91s:0.023,92s:0.023,93s:0.023,94s:0.023,95s:0.023,96s:0.023,97s:0.023,98s:0.023,99s:0.023,100s:0.023,101s:0.023,102s:0.023,103s:0.023,104s:0.023,105s:0.022,106s:0.022,107s:0.022,108s:0.022,109s:0.022,110s:0.022,111s:0.022,112s:0.022,113s:0.022,114s:0.022,115s:0.022,116s:0.022,117s:0.022,118s:0.022,119s:0.021,120s:0.021,121s:0.021,122s:0.021,123s:0.021,124s:0.021,125s:0.021,126s:0.021,127s:0.020,128s:0.020,129s:0.020,130s:0.020,131s:0.020,132s:0.020,133s:0.020,134s:0.020,135s:0.020,136s:0.020,137s:0.020,138s:0.020,139s:0.020,140s:0.020,141s:0.019,142s:0.019,143s:0.019,144s:0.019,145s:0.019,146s:0.019,147s:0.019,148s:0.018,149s:0.018,150s:0.018,151s:0.018,152s:0.018,153s:0.018,154s:0.018,155s:0.017,156s:0.017,157s:0.017,158s:0.017,159s:0.017,160s:0.017,161s:0.017
push_pidn,56,19.18,NaN,success,1s:0.180,2s:0.180,3s:0.180,4s:0.180,5s:0.180,6s:0.180,7s:0.180,8s:0.180,9s:0.180,10s:0.180,11s:0.065,12s:0.065,13s:0.065,14s:0.065,15s:0.065,16s:0.065,17s:0.065,18s:0.065,19s:0.050
push_pidn,57,18.57,NaN,success,1s:0.180,2s:0.180,3s:0.180,4s:0.180,5s:0.180,6s:0.180,7s:0.180,8s:0.180,9s:0.180,10s:0.121,11s:0.040,12s:0.040,13s:0.040,14s:0.040,15s:0.040,16s:0.040,17s:0.040,18s:0.040
push_pidn,58,18.76,NaN,success,1s:0.180,2s:0.180,3s:0.180,4s:0.180,5s:0.180,6s:0.180,7s:0.180,8s:0.180,9s:0.180,10s:0.180,11s:0.024,12s:0.024,13s:0.024,14s:0.024,15s:0.024,16s:0.024,17s:0.024,18s:0.024
push_pidn,59,10.06,NaN,success,1s:0.180,2s:0.180,3s:0.180,4s:0.180,5s:0.180,6s:0.180,7s:0.180,8s:0.180,9s:0.180,10s:0.017
push_pidn,60,104.77,NaN,success,1s:0.180,2s:0.180,3s:0.180,4s:0.180,5s:0.180,6s:0.180,7s:0.180,8s:0.180,9s:0.180,10s:0.180,11s:0.024,12s:0.024,13s:0.024,14s:0.024,15s:0.024,16s:0.024,17s:0.024,18s:0.024,19s:0.021,20s:0.021,21s:0.021,22s:0.021,23s:0.021,24s:0.021,25s:0.021,26s:0.021,27s:0.021,28s:0.021,29s:0.021,30s:0.021,31s:0.021,32s:0.021,33s:0.020,34s:0.020,35s:0.020,36s:0.020,37s:0.020,38s:0.020,39s:0.020,40s:0.020,41s:0.020,42s:0.020,43s:0.020,44s:0.020,45s:0.020,46s:0.020,47s:0.020,48s:0.019,49s:0.019,50s:0.019,51s:0.019,52s:0.019,53s:0.019,54s:0.019,55s:0.019,56s:0.019,57s:0.019,58s:0.019,59s:0.019,60s:0.019,61s:0.019,62s:0.018,63s:0.018,64s:0.018,65s:0.018,66s:0.018,67s:0.018,68s:0.018,69s:0.018,70s:0.018,71s:0.018,72s:0.018,73s:0.018,74s:0.018,75s:0.018,76s:0.017,77s:0.018,78s:0.018,79s:0.018,80s:0.018,81s:0.018,82s:0.018,83s:0.018,84s:0.017,85s:0.017,86s:0.017,87s:0.017,88s:0.017,89s:0.017,90s:0.017,91s:0.017,92s:0.017,93s:0.017,94s:0.017,95s:0.017,96s:0.017,97s:0.017,98s:0.016,99s:0.016,100s:0.016,101s:0.016,102s:0.016,103s:0.016,104s:0.016
